discounted_price,full_price,name,name_kor,brand,ranking,photo,link
US$46.49,US$79.00,d'Alba White Truffle First Spray Serum 100mL Double Pack,,d'Alba,1,https://image.globaloliveyoungshop.com/prdtImg/1004/f9c5709b-ff4c-4aae-8cc5-f74c94abd84a.jpg?RS=810x810&AR=0&SF=webp&QT=80,/product/detail?prdtNo=GA221016470
US$31.86,US$44.00,MEDIHEAL Toner Pad 100+100 Pads Double Pack (7types),,MEDIHEAL,2,https://image.globaloliveyoungshop.com/prdtImg/1151/e1b5b157-44da-431a-8593-e84c30154e64.jpg?RS=810x810&AR=0&SF=webp&QT=80,/product/detail?prdtNo=GA220815950
,,rom&nd The Juicy Lasting Tint 3.5g,,rom&nd,3,https://image.globaloliveyoungshop.com/prdtImg/1577/8d2ae64a-d430-4fc2-9b79-0c7f5a836d15.jpg?RS=810x810&AR=0&SF=webp&QT=80,/product/detail?prdtNo=GA241126576
US$39.29,US$46.00,BIODANCE Bio Collagen Real Deep Mask Sheet 7ea Set (+Refreshing Sea Kelp Mask Sheet 1ea),,BIODANCE,4,https://image.globaloliveyoungshop.com/prdtImg/1224/5f1542d7-9936-408e-9f72-ce3a2595df7c.jpg?RS=810x810&AR=0&SF=webp&QT=80,/product/detail?prdtNo=GA250329266
US$36.00,US$48.00,Torriden Dive-In Serum 50ml Set (+Refill 50ml+Multi Pad 20P),,Torriden,5,https://image.globaloliveyoungshop.com/prdtImg/1104/ae064ccb-410a-4951-853d-ec741b639577.jpg?RS=810x810&AR=0&SF=webp&QT=80,/product/detail?prdtNo=GA250228409
US$39.73,US$56.00,UNOVE Deep Damage Treatment EX 320mL Double Pack,,UNOVE,6,https://dist.oliveyoung.com/fo/2d717a70ff/resources/images/common/load.png,/product/detail?prdtNo=GA220916169
,,Torriden Dive In Low Molecular Hyaluronic Acid Mask Sheet 5+1ea,,Torriden,7,https://dist.oliveyoung.com/fo/2d717a70ff/resources/images/common/load.png,/product/detail?prdtNo=GA220715440
US$32.62,US$61.00,medicube PDRN Pink Peptide Ampoule 30ml Double Pack,,medicube,8,https://dist.oliveyoung.com/fo/2d717a70ff/resources/images/common/load.png,/product/detail?prdtNo=GA241126704
US$36.57,US$50.00,WAKEMAKE Seamless Wear Foundation 30ml $17 Pale,,WAKEMAKE,9,https://dist.oliveyoung.com/fo/2d717a70ff/resources/images/common/load.png,/product/detail?prdtNo=GA250329508
US$35.20,US$44.00,JUNGSAEMMOOL Essential Skin Nuder Cushion,,JUNGSAEMMOOL,10,https://dist.oliveyoung.com/fo/2d717a70ff/resources/images/common/load.png,/product/detail?prdtNo=GA210002919
US$24.09,US$35.00,MEDIHEAL Toner Pad 100 Pads (7types Madecassoside Collagen etc),,MEDIHEAL,11,https://dist.oliveyoung.com/fo/2d717a70ff/resources/images/common/load.png,/product/detail?prdtNo=GA220815951
US$35.20,US$44.00,AESTURA Atobarrier365 Cream 80mL Special Set (+Hydro Essence 25ml+Cera-Hyal  Ampoule 7ml),,AESTURA,12,https://dist.oliveyoung.com/fo/2d717a70ff/resources/images/common/load.png,/product/detail?prdtNo=GA250329238
US$32.17,US$35.00,beplain Mung Bean pH-Balancing Cleansing Foam 160ml+160ml,,beplain,13,https://dist.oliveyoung.com/fo/2d717a70ff/resources/images/common/load.png,/product/detail?prdtNo=GA250329175
US$35.73,US$48.00,WAKEMAKE Seamless Wear Cushion 15g #19 Porcelain Set (+Refill),,WAKEMAKE,14,https://dist.oliveyoung.com/fo/2d717a70ff/resources/images/common/load.png,/product/detail?prdtNo=GA250329507
US$46.90,US$67.00,d'Alba Waterfull Tone-Up Sun Cream Duo Set (50mL+50mL),,d'Alba,15,https://dist.oliveyoung.com/fo/2d717a70ff/resources/images/common/load.png,/product/detail?prdtNo=GA220414400
US$305.67,US$322.00,medicube Age-R Booster Pro,,MEDICUBE AGE-R,16,https://dist.oliveyoung.com/fo/2d717a70ff/resources/images/common/load.png,/product/detail?prdtNo=GA250228875
US$21.78,US$48.00,Anua PDRN Hyaluronic Capsule 100 Serum 30ml Refill Set,,Anua,17,https://dist.oliveyoung.com/fo/2d717a70ff/resources/images/common/load.png,/product/detail?prdtNo=GA250329148
US$23.49,US$32.00,VT Reedle Shot 100 Essence 50mL (+Reedle Shot 300 1ml*3ea),,VT,18,https://dist.oliveyoung.com/fo/2d717a70ff/resources/images/common/load.png,/product/detail?prdtNo=GA240523657
US$23.03,US$34.00,SUNGBOON EDITOR Green Tomato Pore Lifting Ampoule+ 30mL Double Pack,,SUNGBOON EDITOR,19,https://dist.oliveyoung.com/fo/2d717a70ff/resources/images/common/load.png,/product/detail?prdtNo=GA230719544
US$29.40,US$30.00,ROUND LAB Birch Juice Moisturizing Sunscreen 1+1 Set (+Camellia Sun Sachet+Lucky Charm),,ROUND LAB,20,https://dist.oliveyoung.com/fo/2d717a70ff/resources/images/common/load.png,/product/detail?prdtNo=GA250228491
US$9.60,US$12.00,peripera Ink Mood Glowy Tint (SET/SINGLE),,peripera,21,https://dist.oliveyoung.com/fo/2d717a70ff/resources/images/common/load.png,/product/detail?prdtNo=GA231121205
US$31.50,US$42.00,Dr.G Red Blemish Clear Soothing Cream Special Set (70mL+30mL),,Dr.G,22,https://dist.oliveyoung.com/fo/2d717a70ff/resources/images/common/load.png,/product/detail?prdtNo=GA220414206
US$10.72,US$13.00,too cool for school Frottage Pencil,,too cool for school,23,https://dist.oliveyoung.com/fo/2d717a70ff/resources/images/common/load.png,/product/detail?prdtNo=GA230317872
US$26.26,US$33.00,[TINTINTINGLE EDITION] ma:nyo Pure Cleansing Oil 300ml Set (+25ml+Magnet 3P),,ma:nyo,24,https://dist.oliveyoung.com/fo/2d717a70ff/resources/images/common/load.png,/product/detail?prdtNo=GA250228466
US$2.00,US$4.00,Torriden Dive-In Low Molecule Hyaluronic Acid Mask Sheet 1ea,,Torriden,25,https://dist.oliveyoung.com/fo/2d717a70ff/resources/images/common/load.png,/product/detail?prdtNo=GA211012132
US$23.00,US$26.00,ilso Super Melting Sebum Softener 150mL Special Set (Special Gift: Cotton Pad 40P),,ilso,26,https://dist.oliveyoung.com/fo/2d717a70ff/resources/images/common/load.png,/product/detail?prdtNo=GA231120909
US$39.20,US$56.00,Torriden Dive-In Soothing Cream 100ml Double Pack (+Soothing Cream 20ml+Serum 20ml),,Torriden,27,https://dist.oliveyoung.com/fo/2d717a70ff/resources/images/common/load.png,/product/detail?prdtNo=GA250228408
,,Torriden Solid In Ceramide Lip Essence 11mL 1+1,,Torriden,28,https://dist.oliveyoung.com/fo/2d717a70ff/resources/images/common/load.png,/product/detail?prdtNo=GA220213584
US$39.05,US$71.00,ISOI Brightening Serum 20ml Double Pack (+Eye & Wrinkle Patch 1 Set),,ISOI,29,https://dist.oliveyoung.com/fo/2d717a70ff/resources/images/common/load.png,/product/detail?prdtNo=GA250329413
,,ROUND LAB BIRCH JUICE MOISTURIZING SUNSCREEN 50ml Set,,ROUND LAB,30,https://dist.oliveyoung.com/fo/2d717a70ff/resources/images/common/load.png,/product/detail?prdtNo=GA210004685
US$19.84,US$30.00,[Limited] SKINFOOD Carrot Carotene Calming Water Pad Special Set (60P+10P+Carrot Mask Sheet 1P),,SKINFOOD,31,https://dist.oliveyoung.com/fo/2d717a70ff/resources/images/common/load.png,/product/detail?prdtNo=GA230518596
US$30.40,US$49.00,[TOY STORY EDITION] MEDIHEAL Madecassoside Blemish Repair Serum 40ml*2ea (+Pouch),,MEDIHEAL,32,https://dist.oliveyoung.com/fo/2d717a70ff/resources/images/common/load.png,/product/detail?prdtNo=GA250228580
US$9.01,US$13.00,BRINGGREEN Bamboo Hyalu Lip Essence Double Pack,,BRINGGREEN,33,https://dist.oliveyoung.com/fo/2d717a70ff/resources/images/common/load.png,/product/detail?prdtNo=GA240523573
US$7.49,US$8.00,Olive Young Care Plus Scar Cover Spot Patch 102 Count,,CAREPLUS,34,https://dist.oliveyoung.com/fo/2d717a70ff/resources/images/common/load.png,/product/detail?prdtNo=GA230719560
US$39.29,US$46.00,BIODANCE Hydro Cera-nol Real Deep Mask Sheet 7ea Set (+Bio Collagen Mask Sheet 1ea),,BIODANCE,35,https://dist.oliveyoung.com/fo/2d717a70ff/resources/images/common/load.png,/product/detail?prdtNo=GA250329267
US$39.30,US$74.00,BRINGGREEN Zinc Teca Blemish Serum 50ml + Refill 25ml (+Tea Tree Pads 20P+Pad Case),,BRINGGREEN,36,https://dist.oliveyoung.com/fo/2d717a70ff/resources/images/common/load.png,/product/detail?prdtNo=GA250228437
US$24.00,US$32.00,Torriden Dive In Soothing Cream 100mL Special Set (+20mL),,Torriden,37,https://dist.oliveyoung.com/fo/2d717a70ff/resources/images/common/load.png,/product/detail?prdtNo=GA230920408
US$13.50,US$27.00,MEDIHEAL Madecassoside Essential Mask Sheet Blemish Repair 10ea Set (+1ea) (OY-Exclusive),,MEDIHEAL,38,https://dist.oliveyoung.com/fo/2d717a70ff/resources/images/common/load.png,/product/detail?prdtNo=GA240824996
,,d'Alba Waterful Tone Up Sun Cream Purple 50mL Duo Set,,d'Alba,39,https://dist.oliveyoung.com/fo/2d717a70ff/resources/images/common/load.png,/product/detail?prdtNo=GA240222109
US$46.06,US$48.00,[Teenieping EDITION] goodal Green Tangerine Vita-C Dark Spot Care Serum 50ml Refill Set (+Pouch),,goodal,40,https://dist.oliveyoung.com/fo/2d717a70ff/resources/images/common/load.png,/product/detail?prdtNo=GA250228423
US$27.75,US$37.00,HANYUL Pure Artemisia Cleansing Pack Foam 120mL,,HANYUL,41,https://dist.oliveyoung.com/fo/2d717a70ff/resources/images/common/load.png,/product/detail?prdtNo=GA240423051
US$20.00,US$40.00,Torriden Dive-In Low Molecule Hyaluronic Acid Mask Sheet 10ea,,Torriden,42,https://dist.oliveyoung.com/fo/2d717a70ff/resources/images/common/load.png,/product/detail?prdtNo=GA211012131
US$36.44,US$50.00,[TWEETY EDITION] INNISFREE Vitamin C Green Tea Enzyme Brightening Serum 30ml Refill Set (+TWEETY Pouch),,INNISFREE,43,https://dist.oliveyoung.com/fo/2d717a70ff/resources/images/common/load.png,/product/detail?prdtNo=GA250329153
US$37.98,US$46.00,UNOVE Silk Oil Essence 70mL Tender Bloom Double Pack,,UNOVE,44,https://dist.oliveyoung.com/fo/2d717a70ff/resources/images/common/load.png,/product/detail?prdtNo=GA220916168
US$39.68,US$73.00,PHYSIOGEL DMT Facial Cream 100mL Double Set,,PHYSIOGEL,45,https://dist.oliveyoung.com/fo/2d717a70ff/resources/images/common/load.png,/product/detail?prdtNo=GA250329167
US$12.46,US$14.00,colorgram Nude Blur Tint,,colorgram,46,https://dist.oliveyoung.com/fo/2d717a70ff/resources/images/common/load.png,/product/detail?prdtNo=GA240925708
US$35.42,US$81.00,PHYSIOGEL DMT Regenerative Cream 100ml Set (+Toner 200ml),,PHYSIOGEL,47,https://dist.oliveyoung.com/fo/2d717a70ff/resources/images/common/load.png,/product/detail?prdtNo=GA250329168
US$9.00,US$10.00,WAKEMAKE Any-Proof Eyeliner 1+1 Set,,WAKEMAKE,48,https://dist.oliveyoung.com/fo/2d717a70ff/resources/images/common/load.png,/product/detail?prdtNo=GA210610901
US$36.00,US$48.00,CLIO Kill Cover Mesh Glow Essential Cushion 15g*2ea Set (+Dew Cheek),,CLIO,49,https://dist.oliveyoung.com/fo/2d717a70ff/resources/images/common/load.png,/product/detail?prdtNo=GA250228712
US$21.26,US$22.00,CLIO Kill Lash Mascara 1+1 Set,,CLIO,50,https://dist.oliveyoung.com/fo/2d717a70ff/resources/images/common/load.png,/product/detail?prdtNo=GA210001463
US$19.63,US$26.00,Hince True Dimension Balm 10g,,hince,51,https://dist.oliveyoung.com/fo/2d717a70ff/resources/images/common/load.png,/product/detail?prdtNo=GA210004856
US$23.31,US$40.00,Anua Heartleaf Pore Control Cleansing Oil 200mL Double Set,,Anua,52,https://dist.oliveyoung.com/fo/2d717a70ff/resources/images/common/load.png,/product/detail?prdtNo=GA240523476
US$19.49,US$23.00,Arencia Fresh Green Rice Mochi Cleanser 120g Set (+Rosehip Cleanser 15g),,Arencia,53,https://dist.oliveyoung.com/fo/2d717a70ff/resources/images/common/load.png,/product/detail?prdtNo=GA241227085
US$44.07,US$49.00,OBge Natural Cover Foundation No.1 Special Set,,OBge,54,https://dist.oliveyoung.com/fo/2d717a70ff/resources/images/common/load.png,/product/detail?prdtNo=GA221116720
,,BIODANCE Bio Collagen Real Deep Mask Sheet 16P,,BIODANCE,55,https://dist.oliveyoung.com/fo/2d717a70ff/resources/images/common/load.png,/product/detail?prdtNo=GA230518544
US$23.03,US$42.00,Anua PDRN Hyaluronic Acid 100 Moisturizing Cream 60ml Set (+30ml),,Anua,56,https://dist.oliveyoung.com/fo/2d717a70ff/resources/images/common/load.png,/product/detail?prdtNo=GA250329147
US$38.25,US$45.00,hince Second Skin Mesh Matte Cushion (Main Product 12g+Refill 12g) (SET/SINGLE),,hince,57,https://dist.oliveyoung.com/fo/2d717a70ff/resources/images/common/load.png,/product/detail?prdtNo=GA230719662
US$36.53,US$44.00,medicube Zero Pore Pad 2.0 70P Refill Set,,medicube,58,https://dist.oliveyoung.com/fo/2d717a70ff/resources/images/common/load.png,/product/detail?prdtNo=GA240624216
US$28.50,US$38.00,CLIO KILL COVER FOUNWEAR CUSHION THE ORIGINAL 15g*2,,CLIO,59,https://dist.oliveyoung.com/fo/2d717a70ff/resources/images/common/load.png,/product/detail?prdtNo=GA240825109
US$20.00,US$25.00,Arencia Green Tea LHA Deep Pore Rice Cake Cleanser 150g Set (+spatula brush),,Arencia,60,https://dist.oliveyoung.com/fo/2d717a70ff/resources/images/common/load.png,/product/detail?prdtNo=GA250127721
US$34.00,US$40.00,[Winter's Pick] espoir Pro Tailor Be Velvet Cover Cushion New Class (SET/SINGLE),,espoir,61,https://dist.oliveyoung.com/fo/2d717a70ff/resources/images/common/load.png,/product/detail?prdtNo=GA231121068
,,BIOHEAL BOH Probioderm 3D Lifting Cream 50mL Refill Set,,BIOHEAL BOH,62,https://dist.oliveyoung.com/fo/2d717a70ff/resources/images/common/load.png,/product/detail?prdtNo=GA240121787
,,beplain Mung Bean pH-Balanced Cleansing Foam 160mL + 40mL Special Set,,beplain,63,https://dist.oliveyoung.com/fo/2d717a70ff/resources/images/common/load.png,/product/detail?prdtNo=GA230619360
US$1.50,US$3.00,MEDIHEAL Hyaluronate Essential Mask Sheet Ultra Hydration 1ea,,MEDIHEAL,64,https://dist.oliveyoung.com/fo/2d717a70ff/resources/images/common/load.png,/product/detail?prdtNo=GA250228471
US$25.99,US$30.00,Beauty of Joseon Relief Sun: Rice + Probiotics (SPF50+ PA++++) Double Pack 50mL*2ea,,Beauty of Joseon,65,https://dist.oliveyoung.com/fo/2d717a70ff/resources/images/common/load.png,/product/detail?prdtNo=GA220615265
US$34.63,US$37.00,OBge Natural Cover Lotion 50g Set (+Miniature 10ml),,OBge,66,https://dist.oliveyoung.com/fo/2d717a70ff/resources/images/common/load.png,/product/detail?prdtNo=GA240423330
US$13.60,US$17.00,too cool for school Artclass By. Rodin Shading 9.5g,,too cool for school,67,https://dist.oliveyoung.com/fo/2d717a70ff/resources/images/common/load.png,/product/detail?prdtNo=GA220313771
US$33.76,US$44.00,VT Reedle Shot 300 Essence 50mL,,VT,68,https://dist.oliveyoung.com/fo/2d717a70ff/resources/images/common/load.png,/product/detail?prdtNo=GA230820054
US$20.40,US$24.00,MUZIGAE MANSION Objet Liquid (SET/SINGLE),,MUZIGAE MANSION,69,https://dist.oliveyoung.com/fo/2d717a70ff/resources/images/common/load.png,/product/detail?prdtNo=GA240925853
US$24.16,US$32.00,Dr.G Green Mild Up Sun+ Special Set,,Dr.G,70,https://dist.oliveyoung.com/fo/2d717a70ff/resources/images/common/load.png,/product/detail?prdtNo=GA230217716
US$19.45,US$25.00,Anua Niacinamide 10% +TXA 4% Dark Spot Correcting Serum 30ml,,Anua,71,https://dist.oliveyoung.com/fo/2d717a70ff/resources/images/common/load.png,/product/detail?prdtNo=GA240724766
US$9.23,US$16.00,BEYOND Classic Hand Cream Deep Moisture 100ml,,BEYOND,72,https://dist.oliveyoung.com/fo/2d717a70ff/resources/images/common/load.png,/product/detail?prdtNo=GA240825503
,,WELLAGE Real Hyaluronic Blue 100 Ampoule 75mL 1+1 Special Set,,WELLAGE,73,https://dist.oliveyoung.com/fo/2d717a70ff/resources/images/common/load.png,/product/detail?prdtNo=GA220213453
,,Torriden Dive-In Serum 50mL Refill Set (+50mL Refill Pack),,Torriden,74,https://dist.oliveyoung.com/fo/2d717a70ff/resources/images/common/load.png,/product/detail?prdtNo=GA240322465
US$18.57,US$25.00,VT Reedle Shot 300 Essence 30mL(+Reedle Shot 300 Pouch 1ml * 3ea),,VT,75,https://dist.oliveyoung.com/fo/2d717a70ff/resources/images/common/load.png,/product/detail?prdtNo=GA240825169
,,CLIO Kill Brow Auto Hard Brow Pencil 0.3g (Reformulated),,CLIO,76,https://dist.oliveyoung.com/fo/2d717a70ff/resources/images/common/load.png,/product/detail?prdtNo=GA240423340
US$35.86,US$56.00,LABO-H Hair Loss Care Hair Line Ampoule Double Set,,LABO-H,77,https://dist.oliveyoung.com/fo/2d717a70ff/resources/images/common/load.png,/product/detail?prdtNo=GA240322553
US$31.60,US$37.00,BIODANCE Bio Collagen Real Deep Mask Sheet 7P,,BIODANCE,78,https://dist.oliveyoung.com/fo/2d717a70ff/resources/images/common/load.png,/product/detail?prdtNo=GA230619395
US$40.78,US$66.00,★2024 Awards★ goodal Green Tangerine Vita C Dark Spot Care Serum 70mL Set (+50mL Refill+Pad 2P),,goodal,79,https://dist.oliveyoung.com/fo/2d717a70ff/resources/images/common/load.png,/product/detail?prdtNo=GA241126632
US$45.02,US$53.00,ongredients Skin Barrier Calming Lotion Set (220ml+80ml),,ongredients,80,https://dist.oliveyoung.com/fo/2d717a70ff/resources/images/common/load.png,/product/detail?prdtNo=GA240623982
US$16.46,US$17.00,[NEW] ETUDE Curl Fix Mascara,,ETUDE,81,https://dist.oliveyoung.com/fo/2d717a70ff/resources/images/common/load.png,/product/detail?prdtNo=GA230318063
US$37.77,US$100.00,Centellian24 Madeca Cream Time Reverse 50ml Double Pack (+15ml*2ea),,Centellian24,82,https://dist.oliveyoung.com/fo/2d717a70ff/resources/images/common/load.png,/product/detail?prdtNo=GA240423317
,,rom&nd Glasting Color Gloss 4.0g,,rom&nd,83,https://dist.oliveyoung.com/fo/2d717a70ff/resources/images/common/load.png,/product/detail?prdtNo=GA231221443
US$9.28,US$15.00,numbuzin No.3 Tingle-Pore Softening Sheet Mask 4+1 Special Set,,numbuzin,84,https://dist.oliveyoung.com/fo/2d717a70ff/resources/images/common/load.png,/product/detail?prdtNo=GA220514859
US$35.75,US$36.00,[Amuroki EDITION] ROUND LAB 1025 Dokdo Toner 300ml 1+1 Set (+Camellia Sun Serum 1.5ml+Pouch),,ROUND LAB,85,https://dist.oliveyoung.com/fo/2d717a70ff/resources/images/common/load.png,/product/detail?prdtNo=GA250228429
US$1.50,US$3.00,MEDIHEAL Madecassoside Essential Mask Sheet Blemish Repair 1ea,,MEDIHEAL,86,https://dist.oliveyoung.com/fo/2d717a70ff/resources/images/common/load.png,/product/detail?prdtNo=GA240724482
US$16.47,US$23.00,Dr. G Brightening Peeling Gel 120g Special Set (Peeling Gel 60g + Barrier D Daily Lotion 2mL),,Dr.G,87,https://dist.oliveyoung.com/fo/2d717a70ff/resources/images/common/load.png,/product/detail?prdtNo=GA220213580
US$5.47,US$8.00,snuggle Double Soft Fabric Freshener 150ml,,snuggle,88,https://dist.oliveyoung.com/fo/2d717a70ff/resources/images/common/load.png,/product/detail?prdtNo=GA250228963
US$16.80,US$21.00,WAKEMAKE Waterful Glow Tint,,WAKEMAKE,89,https://dist.oliveyoung.com/fo/2d717a70ff/resources/images/common/load.png,/product/detail?prdtNo=GA250329246
US$31.50,US$45.00,makeprem Safe Me Relief Moisture Cleansing Milk 200ml Set (+Refill 200ml+Konjac Sponge),,makeprem,90,https://dist.oliveyoung.com/fo/2d717a70ff/resources/images/common/load.png,/product/detail?prdtNo=GA250228462
US$56.23,US$97.00,CNP Propolis Energy Active Ampule 30ml Triple Set,,CNP,91,https://dist.oliveyoung.com/fo/2d717a70ff/resources/images/common/load.png,/product/detail?prdtNo=GA250127703
US$3.60,US$6.00,Abib Mild Acidic pH Sheet Mask Heartleaf Fit 1ea,,Abib,92,https://dist.oliveyoung.com/fo/2d717a70ff/resources/images/common/load.png,/product/detail?prdtNo=GA210001378
,,3CE Blur Water Tint,,3CE,93,https://dist.oliveyoung.com/fo/2d717a70ff/resources/images/common/load.png,/product/detail?prdtNo=GA210004861
US$15.00,US$20.00,fwee Lip & Cheek Blurry Pudding Pot (35 Colors),,fwee,94,https://dist.oliveyoung.com/fo/2d717a70ff/resources/images/common/load.png,/product/detail?prdtNo=GA240121955
US$9.64,US$13.00,too cool for school Smudging Under Liner 0.12g,,too cool for school,95,https://dist.oliveyoung.com/fo/2d717a70ff/resources/images/common/load.png,/product/detail?prdtNo=GA240121736
US$15.83,US$19.79,Hince Raw Glow Gel Tint 4ml,,hince,96,https://dist.oliveyoung.com/fo/2d717a70ff/resources/images/common/load.png,/product/detail?prdtNo=GA250229000
US$16.20,US$18.00,WAKEMAKE Natural Hard Brow Pencil 1+1 Set,,WAKEMAKE,97,https://dist.oliveyoung.com/fo/2d717a70ff/resources/images/common/load.png,/product/detail?prdtNo=GA230117322
US$13.30,US$19.00,CLIO Crystal Glam Tint,,CLIO,98,https://dist.oliveyoung.com/fo/2d717a70ff/resources/images/common/load.png,/product/detail?prdtNo=GA230920576
US$26.40,US$33.00,MEDI-PEEL Red Lacto Collagen Wrapping Mask,,MEDI-PEEL,99,https://dist.oliveyoung.com/fo/2d717a70ff/resources/images/common/load.png,/product/detail?prdtNo=GA221016494
US$23.62,US$27.00,[Teenieping EDITION] goodal Heartleaf Calming Moisture Sun Cream 50ml 1+1 Set,,goodal,100,https://dist.oliveyoung.com/fo/2d717a70ff/resources/images/common/load.png,/product/detail?prdtNo=GA250228695
